<metadata xml:lang="en"><Esri><CreaDate>20160111</CreaDate><CreaTime>11003600</CreaTime><SyncOnce>FALSE</SyncOnce><SyncDate>20160111</SyncDate><SyncTime>11010800</SyncTime><ModDate>20160111</ModDate><ModTime>11010800</ModTime><DataProperties><itemProps><itemLocation><linkage Sync="TRUE">file://\\SEDTS-D0E8-0V25\C$\sgidout\TRANSPORTATION\PackagedData\_Statewide\UtahTransitSystems\CommuterRailRoutes_UTA.shp</linkage><protocol Sync="TRUE">Local Area Network</protocol></itemLocation><itemName Sync="TRUE">CommuterRailRoutes_UTA</itemName><imsContentType Sync="TRUE">002</imsContentType><itemSize Sync="TRUE">0.000</itemSize></itemProps><copyHistory><copy source="K:\Rail\Commuter\CRData\UTA_CRFrontRunner2015_12-12" dest="\\arcgis\gis data\Routes\Routepatterns\FromTrapeze\April2013\UTA_CRFrontRunner2015_12-12" date="20130520" time="12592600"/></copyHistory><coordRef><type Sync="TRUE">Projected</type><geogcsn Sync="TRUE">GCS_North_American_1983</geogcsn><peXml Sync="TRUE">&lt;ProjectedCoordinateSystem xsi:type='typens:ProjectedCoordinateSystem' xmlns:xsi='http://www.w3.org/2001/XMLSchema-instance' xmlns:xs='http://www.w3.org/2001/XMLSchema' xmlns:typens='http://www.esri.com/schemas/ArcGIS/10.3'&gt;&lt;WKT&gt;PROJCS[&amp;quot;NAD_1983_UTM_Zone_12N&amp;quot;,GEOGCS[&amp;quot;GCS_North_American_1983&amp;quot;,DATUM[&amp;quot;D_North_American_1983&amp;quot;,SPHEROID[&amp;quot;GRS_1980&amp;quot;,6378137.0,298.257222101]],PRIMEM[&amp;quot;Greenwich&amp;quot;,0.0],UNIT[&amp;quot;Degree&amp;quot;,0.0174532925199433]],PROJECTION[&amp;quot;Transverse_Mercator&amp;quot;],PARAMETER[&amp;quot;False_Easting&amp;quot;,500000.0],PARAMETER[&amp;quot;False_Northing&amp;quot;,0.0],PARAMETER[&amp;quot;Central_Meridian&amp;quot;,-111.0],PARAMETER[&amp;quot;Scale_Factor&amp;quot;,0.9996],PARAMETER[&amp;quot;Latitude_Of_Origin&amp;quot;,0.0],UNIT[&amp;quot;Meter&amp;quot;,1.0],AUTHORITY[&amp;quot;EPSG&amp;quot;,26912]]&lt;/WKT&gt;&lt;XOrigin&gt;-5120900&lt;/XOrigin&gt;&lt;YOrigin&gt;-9998100&lt;/YOrigin&gt;&lt;XYScale&gt;450445547.3910538&lt;/XYScale&gt;&lt;ZOrigin&gt;-100000&lt;/ZOrigin&gt;&lt;ZScale&gt;10000&lt;/ZScale&gt;&lt;MOrigin&gt;-100000&lt;/MOrigin&gt;&lt;MScale&gt;10000&lt;/MScale&gt;&lt;XYTolerance&gt;0.001&lt;/XYTolerance&gt;&lt;ZTolerance&gt;0.001&lt;/ZTolerance&gt;&lt;MTolerance&gt;0.001&lt;/MTolerance&gt;&lt;HighPrecision&gt;true&lt;/HighPrecision&gt;&lt;WKID&gt;26912&lt;/WKID&gt;&lt;LatestWKID&gt;26912&lt;/LatestWKID&gt;&lt;/ProjectedCoordinateSystem&gt;</peXml><csUnits Sync="TRUE">Linear Unit: Meter (1.000000)</csUnits><projcsn Sync="TRUE">NAD_1983_UTM_Zone_12N</projcsn></coordRef><lineage><Process ToolSource="C:\Program Files\ArcGIS\Desktop10.0\ArcToolbox\Toolboxes\Data Management Tools.tbx\Merge" Date="20110418" Time="164539" Name="" export="">Merge 'K:\Active Workspaces\Strategic Planning\2015RailProgram2Share\FrontRunnerNorth3-08.shp';'K:\Active Workspaces\Strategic Planning\2015RailProgram2Share\UTA_CRSouth2Provo2-11.shp' "K:\Active Workspaces\Strategic Planning\2015RailProgram2Share\CRFrontRunner411.shp" "Location "Location" true true false 50 Text 0 0 ,First,#,K:\Active Workspaces\Strategic Planning\2015RailProgram2Share\FrontRunnerNorth3-08.shp,Location,-1,-1;Id "Id" true true false 6 Long 0 6 ,First,#,K:\Active Workspaces\Strategic Planning\2015RailProgram2Share\UTA_CRSouth2Provo2-11.shp,Id,-1,-1;Segment_Na "Segment_Na" true true false 25 Text 0 0 ,First,#,K:\Active Workspaces\Strategic Planning\2015RailProgram2Share\UTA_CRSouth2Provo2-11.shp,Segment_Na,-1,-1"</Process><Process ToolSource="C:\Program Files\ArcGIS\Desktop10.0\ArcToolbox\Toolboxes\Data Management Tools.tbx\CalculateField" Date="20110418" Time="165141" Name="" export="">CalculateField CRFrontRunner4-11 Segment_Na "FrontRunner North" VB #</Process><Process ToolSource="c:\program files\arcgis\desktop10.0\ArcToolbox\Toolboxes\Data Management Tools.tbx\Append" Date="20120106" Time="132347" Name="" export="">Append K:\Rail\Commuter\CRData\FrontRunnerNorth3-08.shp "K:\Active Workspaces\Strategic Planning\2015RailProgram2Share\UTA_CRFrontRunner2015_4-11.shp" NO_TEST "Id "Id" true false false 6 Long 0 6 ,First,#;Segment_Na "Segment_Na" true false false 25 Text 0 0 ,First,#" #</Process><Process ToolSource="C:\Program Files\ArcGIS\Desktop10.0\ArcToolbox\Toolboxes\Data Management Tools.tbx\CalculateField" Date="20120120" Time="143527" Name="" export="">CalculateField UTA_CRFrontRunner2015_4-11 Segment_Na "FrontRunner North" VB #</Process><Process ToolSource="C:\Program Files\ArcGIS\Desktop10.0\ArcToolbox\Toolboxes\Data Management Tools.tbx\CalculateField" Date="20120120" Time="143614" Name="" export="">CalculateField UTA_CRFrontRunner2015_4-11 Status "in service" VB #</Process><Process ToolSource="C:\Program Files\ArcGIS\Desktop10.0\ArcToolbox\Toolboxes\Data Management Tools.tbx\CalculateField" Date="20120120" Time="143635" Name="" export="">CalculateField UTA_CRFrontRunner2015_4-11 Status "under construction" VB #</Process><Process ToolSource="c:\program files (x86)\arcgis\desktop10.1\ArcToolbox\Toolboxes\Data Management Tools.tbx\CalculateField" Date="20130520" Time="125745" Name="" export="">CalculateField UTA_CRFrontRunner2015_12-12 Status "in service" VB #</Process><Process ToolSource="c:\program files (x86)\arcgis\desktop10.1\ArcToolbox\Toolboxes\Data Management Tools.tbx\Project" Date="20130522" Time="135213" Name="" export="">Project C:\ZBECK\SDE\SGID\UTA\UTA_CRFrontRunner2015_12-12.shp C:\ZBECK\SDE\SGID\UTA\UTAedits.gdb\CRFrontRunnerNEW PROJCS['NAD_1983_UTM_Zone_12N',GEOGCS['GCS_North_American_1983',DATUM['D_North_American_1983',SPHEROID['GRS_1980',6378137.0,298.257222101]],PRIMEM['Greenwich',0.0],UNIT['Degree',0.0174532925199433]],PROJECTION['Transverse_Mercator'],PARAMETER['False_Easting',500000.0],PARAMETER['False_Northing',0.0],PARAMETER['Central_Meridian',-111.0],PARAMETER['Scale_Factor',0.9996],PARAMETER['Latitude_Of_Origin',0.0],UNIT['Meter',1.0]] # GEOGCS['GCS_North_American_1983',DATUM['D_North_American_1983',SPHEROID['GRS_1980',6378137.0,298.257222101]],PRIMEM['Greenwich',0.0],UNIT['Degree',0.0174532925199433]]</Process><Process ToolSource="c:\program files (x86)\arcgis\desktop10.1\ArcToolbox\Toolboxes\Conversion Tools.tbx\FeatureClassToFeatureClass" Date="20130522" Time="140157" Name="" export="">FeatureClassToFeatureClass C:\ZBECK\SDE\SGID\UTA\UTAedits.gdb\CRFrontRunnerNEW C:\ZBECK\SDE\SGID\UTA\UTAedits.gdb\SGID CRFrontRunnerNEW1 # "ID "Id" true true false 4 Long 0 0 ,First,#,C:\ZBECK\SDE\SGID\UTA\UTAedits.gdb\CRFrontRunnerNEW,Id,-1,-1;NAME "Segment_Na" true true false 25 Text 0 0 ,First,#,C:\ZBECK\SDE\SGID\UTA\UTAedits.gdb\CRFrontRunnerNEW,Segment_Na,-1,-1;STATUS "Status" true true false 20 Text 0 0 ,First,#,C:\ZBECK\SDE\SGID\UTA\UTAedits.gdb\CRFrontRunnerNEW,Status,-1,-1" #</Process><Process ToolSource="c:\program files (x86)\arcgis\desktop10.1\ArcToolbox\Toolboxes\Conversion Tools.tbx\FeatureClassToFeatureClass" Date="20130523" Time="150449" Name="" export="">FeatureClassToFeatureClass C:\ZBECK\SDE\SGID\UTA\UTAedits.gdb\SGID\CRFrontRunnerNEW1 "Database Connections\DC_Transportation@SGID10@gdb10.agrc.utah.gov.sde" CommuterRailRoutes_UTA # "NAME "Segment_Na" true true false 25 Text 0 0 ,First,#,C:\ZBECK\SDE\SGID\UTA\UTAedits.gdb\SGID\CRFrontRunnerNEW1,NAME,-1,-1;STATUS "Status" true true false 20 Text 0 0 ,First,#,C:\ZBECK\SDE\SGID\UTA\UTAedits.gdb\SGID\CRFrontRunnerNEW1,STATUS,-1,-1;Shape_Length "Shape_Length" false true true 8 Double 0 0 ,First,#,C:\ZBECK\SDE\SGID\UTA\UTAedits.gdb\SGID\CRFrontRunnerNEW1,Shape_Length,-1,-1" #</Process><Process ToolSource="c:\program files (x86)\arcgis\desktop10.1\ArcToolbox\Toolboxes\Data Management Tools.tbx\ChangePrivileges" Date="20130523" Time="164512">ChangePrivileges 'Database Connections\DC_Transportation@SGID10@gdb10.agrc.utah.gov.sde\SGID10.TRANSPORTATION.CommuterRailRoutes_UTA';'Database Connections\DC_Transportation@SGID10@gdb10.agrc.utah.gov.sde\SGID10.TRANSPORTATION.CommuterRailStations_UTA';'Database Connections\DC_Transportation@SGID10@gdb10.agrc.utah.gov.sde\SGID10.TRANSPORTATION.LightRail_UTA';'Database Connections\DC_Transportation@SGID10@gdb10.agrc.utah.gov.sde\SGID10.TRANSPORTATION.LightRailStations_UTA' agrc GRANT AS_IS</Process><Process ToolSource="c:\program files (x86)\arcgis\desktop10.2\ArcToolbox\Toolboxes\Data Management Tools.tbx\ChangePrivileges" Date="20140107" Time="144609">ChangePrivileges 'Database Connections\SGID_Transportation@SGID10@itdb104sp.dts.utah.gov.sde\SGID10.TRANSPORTATION.AirportLocations';'Database Connections\SGID_Transportation@SGID10@itdb104sp.dts.utah.gov.sde\SGID10.TRANSPORTATION.AirportsGNIS';'Database Connections\SGID_Transportation@SGID10@itdb104sp.dts.utah.gov.sde\SGID10.TRANSPORTATION.Airports';'Database Connections\SGID_Transportation@SGID10@itdb104sp.dts.utah.gov.sde\SGID10.TRANSPORTATION.BusRoutes_UTA';'Database Connections\SGID_Transportation@SGID10@itdb104sp.dts.utah.gov.sde\SGID10.TRANSPORTATION.BusStops_UTA';'Database Connections\SGID_Transportation@SGID10@itdb104sp.dts.utah.gov.sde\SGID10.TRANSPORTATION.CommuterRailRoutes_UTA';'Database Connections\SGID_Transportation@SGID10@itdb104sp.dts.utah.gov.sde\SGID10.TRANSPORTATION.CommuterRailStations_UTA';'Database Connections\SGID_Transportation@SGID10@itdb104sp.dts.utah.gov.sde\SGID10.TRANSPORTATION.Heliports';'Database Connections\SGID_Transportation@SGID10@itdb104sp.dts.utah.gov.sde\SGID10.TRANSPORTATION.LightRail_UTA';'Database Connections\SGID_Transportation@SGID10@itdb104sp.dts.utah.gov.sde\SGID10.TRANSPORTATION.LightRailStations_UTA';'Database Connections\SGID_Transportation@SGID10@itdb104sp.dts.utah.gov.sde\SGID10.TRANSPORTATION.PortsOfEntry';'Database Connections\SGID_Transportation@SGID10@itdb104sp.dts.utah.gov.sde\SGID10.TRANSPORTATION.Railroads';'Database Connections\SGID_Transportation@SGID10@itdb104sp.dts.utah.gov.sde\SGID10.TRANSPORTATION.Roads';'Database Connections\SGID_Transportation@SGID10@itdb104sp.dts.utah.gov.sde\SGID10.TRANSPORTATION.Roads_FreewayExits';'Database Connections\SGID_Transportation@SGID10@itdb104sp.dts.utah.gov.sde\SGID10.TRANSPORTATION.RoadsShieldLines';'Database Connections\SGID_Transportation@SGID10@itdb104sp.dts.utah.gov.sde\SGID10.TRANSPORTATION.RoadsTIGER2000';'Database Connections\SGID_Transportation@SGID10@itdb104sp.dts.utah.gov.sde\SGID10.TRANSPORTATION.RoadsTIGER2009';'Database Connections\SGID_Transportation@SGID10@itdb104sp.dts.utah.gov.sde\SGID10.TRANSPORTATION.StateFuelSites';'Database Connections\SGID_Transportation@SGID10@itdb104sp.dts.utah.gov.sde\SGID10.TRANSPORTATION.UDOTMap_ScenicByways';'Database Connections\SGID_Transportation@SGID10@itdb104sp.dts.utah.gov.sde\SGID10.TRANSPORTATION.UDOTMileposts';'Database Connections\SGID_Transportation@SGID10@itdb104sp.dts.utah.gov.sde\SGID10.TRANSPORTATION.UDOTMileposts_Approx';'Database Connections\SGID_Transportation@SGID10@itdb104sp.dts.utah.gov.sde\SGID10.TRANSPORTATION.UDOTRoutes_LRS';'Database Connections\SGID_Transportation@SGID10@itdb104sp.dts.utah.gov.sde\SGID10.TRANSPORTATION.UDOTTenthMileRefPoints' SearchAPI GRANT #</Process><Process ToolSource="c:\program files (x86)\arcgis\desktop10.3\ArcToolbox\Toolboxes\Data Management Tools.tbx\CopyFeatures" Date="20160111" Time="110108">CopyFeatures C:\sgidout\TRANSPORTATION\PackagedData\_Statewide\UtahTransitSystems\UtahTransitSystems.gdb\CommuterRailRoutes_UTA C:\sgidout\TRANSPORTATION\PackagedData\_Statewide\UtahTransitSystems\CommuterRailRoutes_UTA.shp # 0 0 0</Process></lineage></DataProperties><ArcGISProfile>ItemDescription</ArcGISProfile><ArcGISstyle>FGDC CSDGM Metadata</ArcGISstyle><ArcGISFormat>1.0</ArcGISFormat><scaleRange><minScale>150000000</minScale><maxScale>5000</maxScale></scaleRange></Esri><idinfo><citation><citeinfo><origin>REQUIRED: The name of an organization or individual that developed the data set.</origin><pubdate>REQUIRED: The date when the data set is published or otherwise made available for release.</pubdate><title>Utah Transit Authority FrontRunner Commuter Rail Alignment</title><ftname Sync="TRUE">FrontRunnerNorth3-08</ftname><geoform Sync="TRUE">vector digital data</geoform></citeinfo></citation><native Sync="TRUE">Microsoft Windows XP Version 5.1 (Build 2600) Service Pack 2; ESRI ArcCatalog 9.2.5.1450</native><descript><langdata Sync="TRUE">en</langdata><abstract>Polyline depicting Utah Transit Authority's commuter rail line (FrontRunner) north and south segments.</abstract><purpose>Display commuter rail alignments.</purpose><supplinf>Shapefile should not be used in applications requiring engineering precision.</supplinf></descript><timeperd><current>publication date</current><timeinfo><sngdate><caldate>03/08</caldate></sngdate></timeinfo></timeperd><status><progress>In work</progress><update>As needed</update></status><spdom><bounding><westbc Sync="TRUE">-112.044842</westbc><eastbc Sync="TRUE">-111.891612</eastbc><northbc Sync="TRUE">41.308513</northbc><southbc Sync="TRUE">40.752051</southbc></bounding><lboundng><leftbc Sync="TRUE">-112.044842</leftbc><rightbc Sync="TRUE">-111.891612</rightbc><bottombc Sync="TRUE">40.752051</bottombc><topbc Sync="TRUE">41.308513</topbc></lboundng></spdom><keywords><theme><themekt>REQUIRED: Reference to a formally registered thesaurus or a similar authoritative source of theme keywords.</themekt><themekey>REQUIRED: Common-use word or phrase used to describe the subject of the data set.</themekey></theme></keywords><accconst>None.</accconst><useconst>Use with attribute to Utah Transit Authority as data source.</useconst><natvform Sync="TRUE">Shapefile</natvform><ptcontac><cntinfo><cntperp><cntper>Lorraine Nelms</cntper><cntorg>Utah Transit Authority</cntorg></cntperp><cntpos>GIS Administrator</cntpos><cntaddr><addrtype>mailing and physical address</addrtype><address>669 West 200 South</address><city>Salt Lake City</city><state>Utah</state><postal>84101</postal><country>USA</country></cntaddr><cntvoice>801-237-1947</cntvoice><cntemail>lnelms@rideuta.com</cntemail></cntinfo></ptcontac></idinfo><distInfo><distributor><distorTran><onLineSrc><linkage Sync="TRUE">file://\\Users\GIS\Rail\Commuter\CRData\FrontRunnerNorth3-08.shp</linkage><protocol Sync="TRUE">Local Area Network</protocol><orDesc Sync="TRUE">002</orDesc></onLineSrc><transSize Sync="TRUE">0.009</transSize></distorTran><distorFormat><formatName Sync="TRUE">Shapefile</formatName></distorFormat></distributor><distFormat><formatName Sync="TRUE">Shapefile</formatName></distFormat><distTranOps><transSize Sync="TRUE">0.000</transSize></distTranOps></distInfo><dataqual><lineage><procstep><procdesc Sync="TRUE">Dataset copied.</procdesc><srcused Sync="TRUE">K:\Rail\Commuter\CRData\SL2OgdenTLO</srcused><date Sync="TRUE">20040615</date><time Sync="TRUE">17250000</time></procstep><procstep><procdesc Sync="TRUE">Dataset copied.</procdesc><srcused Sync="TRUE">K:\Rail\Commuter\CRData\SL2OgdenConstAccess</srcused><date Sync="TRUE">20080227</date><time Sync="TRUE">15072800</time></procstep></lineage></dataqual><dataIdInfo><envirDesc Sync="TRUE">Microsoft Windows 7 Version 6.1 (Build 7601) Service Pack 1; Esri ArcGIS 10.3.1.4959</envirDesc><dataLang><languageCode Sync="TRUE" value="eng" country="US"/><countryCode value="USA" Sync="TRUE"/></dataLang><idCitation><resTitle Sync="FALSE">Utah Transit Authority FrontRunner Commuter Rail Alignment</resTitle><presForm><PresFormCd Sync="TRUE" value="005"/></presForm></idCitation><spatRpType><SpatRepTypCd Sync="TRUE" value="001"/></spatRpType><dataExt><geoEle><GeoBndBox esriExtentType="native"><westBL Sync="TRUE">-112.044842</westBL><eastBL Sync="TRUE">-111.891612</eastBL><northBL Sync="TRUE">41.308513</northBL><southBL Sync="TRUE">40.752051</southBL><exTypeCode Sync="TRUE">1</exTypeCode></GeoBndBox></geoEle></dataExt><geoBox esriExtentType="decdegrees"><westBL Sync="TRUE">-112.044842</westBL><eastBL Sync="TRUE">-111.891612</eastBL><northBL Sync="TRUE">41.308513</northBL><southBL Sync="TRUE">40.752051</southBL><exTypeCode Sync="TRUE">1</exTypeCode></geoBox><descKeys><thesaName uuidref="723f6998-058e-11dc-8314-0800200c9a66"/><keyword Sync="TRUE">002</keyword></descKeys><idPurp>Display commuter rail alignments.</idPurp><idAbs>&lt;DIV STYLE="text-align:Left;"&gt;&lt;DIV&gt;&lt;DIV&gt;&lt;P&gt;&lt;SPAN&gt;Polyline depicting Utah Transit Authority's commuter rail line (FrontRunner) north and south segments.&lt;/SPAN&gt;&lt;/P&gt;&lt;/DIV&gt;&lt;/DIV&gt;&lt;/DIV&gt;</idAbs><searchKeys><keyword>Commuter rail</keyword><keyword>Front Runner</keyword><keyword>UTA rail</keyword></searchKeys><resConst><Consts><useLimit>&lt;DIV STYLE="text-align:Left;"&gt;&lt;DIV&gt;&lt;P&gt;&lt;SPAN&gt;Data released to the Receiving Agency (RA) remains the property of the originating data source (see Source_Information) and cannot be reproduced for sale by the RA without the written consent of that data source. Redistribution of datasets unchanged as obtained from the AGRC and without fee is allowed. Any hardcopies utilizing these data sets shall clearly indicate their source. If the RA has modified the data in any way, they are obligated to describe the types of modifications they have performed on the hardcopy map. RA specifically agrees not to misrepresent these data sets, nor to imply that changes they made were approved by the AGRC. The Utah Automated Geographic Reference Center (AGRC) has adopted the following spatial data disclaimer to be explicitly included or referenced in all geospatial data, mapping products, and services created or hosted at AGRC including the contents of State Geographic Information Database (SGID). This product is for informational purposes and may not have been prepared for, or be suitable for legal, engineering, or surveying purposes. Users of this information should review or consult the primary data and information sources to ascertain the usability of the information. AGRC provides these data in good faith and shall in no event be liable for any incorrect results, any lost profits and special, indirect or consequential damages to any party, arising out of or in connection with the use or the inability to use the data hereon or the services provided.  AGRC provides these data and services as a convenience to the public.  Further more, AGRC reserves the right to change or revise published data and/or these services at any time.Furthermore, it is the official policy of the AGRC: · that the adopted disclaimer be used on all hard copy maps produced from geospatial data, and that the date and source of the data be included on the map; · that spatial data producers be allowed to extend the adopted disclaimer with additional language further defining the limits of their liability; · that a more robust disclaimer may be used in conjunction with any and all geospatial data published on the Internet, on a separate page preceding access to the data, with an accept/reject option for users; · that standardized metadata be included with any distribution of all geospatial data; and · that the disclaimer above may be used as a blanket disclaimer for documents containing a number of small maps.&lt;/SPAN&gt;&lt;/P&gt;&lt;/DIV&gt;&lt;/DIV&gt;</useLimit></Consts></resConst></dataIdInfo><metainfo><langmeta Sync="TRUE">en</langmeta><metstdn Sync="TRUE">FGDC Content Standards for Digital Geospatial Metadata</metstdn><metstdv Sync="TRUE">FGDC-STD-001-1998</metstdv><mettc Sync="TRUE">local time</mettc><metc><cntinfo><cntorgp><cntper>REQUIRED: The person responsible for the metadata information.</cntper><cntorg>REQUIRED: The organization responsible for the metadata information.</cntorg></cntorgp><cntaddr><addrtype>REQUIRED: The mailing and/or physical address for the organization or individual.</addrtype><city>REQUIRED: The city of the address.</city><state>REQUIRED: The state or province of the address.</state><postal>REQUIRED: The ZIP or other postal code of the address.</postal></cntaddr><cntvoice>REQUIRED: The telephone number by which individuals can speak to the organization or individual.</cntvoice></cntinfo></metc><metd Sync="TRUE">20080626</metd></metainfo><mdLang><languageCode Sync="TRUE" value="eng"/><countryCode value="USA" Sync="TRUE"/></mdLang><mdStanName Sync="TRUE">ISO 19115 Geographic Information - Metadata</mdStanName><mdStanVer Sync="TRUE">DIS_ESRI1.0</mdStanVer><mdChar><CharSetCd Sync="TRUE" value="004"/></mdChar><mdHrLv><ScopeCd Sync="TRUE" value="005"/></mdHrLv><mdHrLvName Sync="TRUE">dataset</mdHrLvName><distinfo><resdesc Sync="TRUE">Downloadable Data</resdesc><stdorder><digform><digtinfo><transize Sync="TRUE">0.009</transize><dssize Sync="TRUE">0.009</dssize></digtinfo></digform></stdorder></distinfo><spdoinfo><direct Sync="TRUE">Vector</direct><ptvctinf><esriterm Name="CommuterRailRoutes_UTA"><efeatyp Sync="TRUE">Simple</efeatyp><efeageom code="3" Sync="TRUE"></efeageom><esritopo Sync="TRUE">FALSE</esritopo><efeacnt Sync="TRUE">0</efeacnt><spindex Sync="TRUE">FALSE</spindex><linrefer Sync="TRUE">FALSE</linrefer></esriterm></ptvctinf></spdoinfo><spref><horizsys><cordsysn><geogcsn Sync="TRUE">GCS_North_American_1983</geogcsn></cordsysn><geodetic><horizdn Sync="TRUE">North American Datum of 1983</horizdn><ellips Sync="TRUE">Geodetic Reference System 80</ellips><semiaxis Sync="TRUE">6378137.000000</semiaxis><denflat Sync="TRUE">298.257222</denflat></geodetic></horizsys></spref><refSysInfo><RefSystem><refSysID><identCode Sync="TRUE" code="26912" value="26912">GCS_North_American_1983</identCode><idCodeSpace Sync="TRUE">EPSG</idCodeSpace><idVersion Sync="TRUE">8.6.2</idVersion></refSysID></RefSystem></refSysInfo><spatRepInfo><VectSpatRep><geometObjs Name="CommuterRailRoutes_UTA"><geoObjTyp><GeoObjTypCd value="002" Sync="TRUE"></GeoObjTypCd></geoObjTyp><geoObjCnt Sync="TRUE">0</geoObjCnt></geometObjs><topLvl><TopoLevCd value="001" Sync="TRUE"></TopoLevCd></topLvl></VectSpatRep></spatRepInfo><eainfo><detailed Name="CommuterRailRoutes_UTA"><enttyp><enttypl Sync="TRUE">CommuterRailRoutes_UTA</enttypl><enttypt Sync="TRUE">Feature Class</enttypt><enttypc Sync="TRUE">0</enttypc></enttyp><attr><attrlabl Sync="TRUE">FID</attrlabl><attalias Sync="TRUE">FID</attalias><attrtype Sync="TRUE">OID</attrtype><attwidth Sync="TRUE">4</attwidth><atprecis Sync="TRUE">0</atprecis><attscale Sync="TRUE">0</attscale><attrdef Sync="TRUE">Internal feature number.</attrdef><attrdefs Sync="TRUE">Esri</attrdefs><attrdomv><udom Sync="TRUE">Sequential unique whole numbers that are automatically generated.</udom></attrdomv></attr><attr><attrlabl Sync="TRUE">Shape</attrlabl><attalias Sync="TRUE">Shape</attalias><attrtype Sync="TRUE">Geometry</attrtype><attwidth Sync="TRUE">0</attwidth><atprecis Sync="TRUE">0</atprecis><attscale Sync="TRUE">0</attscale><attrdef Sync="TRUE">Feature geometry.</attrdef><attrdefs Sync="TRUE">ESRI</attrdefs><attrdomv><udom Sync="TRUE">Coordinates defining the features.</udom></attrdomv></attr><attr><attrlabl Sync="TRUE">NAME</attrlabl><attalias Sync="TRUE">NAME</attalias><attrtype Sync="TRUE">String</attrtype><attwidth Sync="TRUE">25</attwidth><atprecis Sync="TRUE">0</atprecis><attscale Sync="TRUE">0</attscale></attr><attr><attrlabl Sync="TRUE">STATUS</attrlabl><attalias Sync="TRUE">STATUS</attalias><attrtype Sync="TRUE">String</attrtype><attwidth Sync="TRUE">20</attwidth><atprecis Sync="TRUE">0</atprecis><attscale Sync="TRUE">0</attscale></attr><attr><attrlabl Sync="TRUE">Shape_Leng</attrlabl><attalias Sync="TRUE">Shape_Leng</attalias><attrtype Sync="TRUE">Double</attrtype><attwidth Sync="TRUE">19</attwidth><atprecis Sync="TRUE">0</atprecis><attscale Sync="TRUE">0</attscale></attr></detailed></eainfo><mdDateSt Sync="TRUE">20160111</mdDateSt></metadata>
