<metadata xml:lang="en"><Esri><CreaDate>20160111</CreaDate><CreaTime>11004900</CreaTime><ArcGISFormat>1.0</ArcGISFormat><SyncOnce>FALSE</SyncOnce><DataProperties><itemProps><itemName Sync="TRUE">LightRail_UTA</itemName><imsContentType Sync="TRUE">002</imsContentType><nativeExtBox><westBL Sync="TRUE">413244.880000</westBL><eastBL Sync="TRUE">429452.650000</eastBL><southBL Sync="TRUE">4486349.370000</southBL><northBL Sync="TRUE">4515256.310000</northBL><exTypeCode Sync="TRUE">1</exTypeCode></nativeExtBox><itemLocation><linkage Sync="TRUE">file://\\SEDTS-D0E8-0V25\C$\sgidout\TRANSPORTATION\PackagedData\_Statewide\UtahTransitSystems\LightRail_UTA.shp</linkage><protocol Sync="TRUE">Local Area Network</protocol></itemLocation><itemSize Sync="TRUE">0.000</itemSize></itemProps><coordRef><type Sync="TRUE">Projected</type><geogcsn Sync="TRUE">GCS_North_American_1983</geogcsn><csUnits Sync="TRUE">Linear Unit: Meter (1.000000)</csUnits><projcsn Sync="TRUE">NAD_1983_UTM_Zone_12N</projcsn><peXml Sync="TRUE">&lt;ProjectedCoordinateSystem xsi:type='typens:ProjectedCoordinateSystem' xmlns:xsi='http://www.w3.org/2001/XMLSchema-instance' xmlns:xs='http://www.w3.org/2001/XMLSchema' xmlns:typens='http://www.esri.com/schemas/ArcGIS/10.3'&gt;&lt;WKT&gt;PROJCS[&amp;quot;NAD_1983_UTM_Zone_12N&amp;quot;,GEOGCS[&amp;quot;GCS_North_American_1983&amp;quot;,DATUM[&amp;quot;D_North_American_1983&amp;quot;,SPHEROID[&amp;quot;GRS_1980&amp;quot;,6378137.0,298.257222101]],PRIMEM[&amp;quot;Greenwich&amp;quot;,0.0],UNIT[&amp;quot;Degree&amp;quot;,0.0174532925199433]],PROJECTION[&amp;quot;Transverse_Mercator&amp;quot;],PARAMETER[&amp;quot;False_Easting&amp;quot;,500000.0],PARAMETER[&amp;quot;False_Northing&amp;quot;,0.0],PARAMETER[&amp;quot;Central_Meridian&amp;quot;,-111.0],PARAMETER[&amp;quot;Scale_Factor&amp;quot;,0.9996],PARAMETER[&amp;quot;Latitude_Of_Origin&amp;quot;,0.0],UNIT[&amp;quot;Meter&amp;quot;,1.0],AUTHORITY[&amp;quot;EPSG&amp;quot;,26912]]&lt;/WKT&gt;&lt;XOrigin&gt;-5120900&lt;/XOrigin&gt;&lt;YOrigin&gt;-9998100&lt;/YOrigin&gt;&lt;XYScale&gt;450445547.3910538&lt;/XYScale&gt;&lt;ZOrigin&gt;-100000&lt;/ZOrigin&gt;&lt;ZScale&gt;10000&lt;/ZScale&gt;&lt;MOrigin&gt;-100000&lt;/MOrigin&gt;&lt;MScale&gt;10000&lt;/MScale&gt;&lt;XYTolerance&gt;0.001&lt;/XYTolerance&gt;&lt;ZTolerance&gt;0.001&lt;/ZTolerance&gt;&lt;MTolerance&gt;0.001&lt;/MTolerance&gt;&lt;HighPrecision&gt;true&lt;/HighPrecision&gt;&lt;WKID&gt;26912&lt;/WKID&gt;&lt;LatestWKID&gt;26912&lt;/LatestWKID&gt;&lt;/ProjectedCoordinateSystem&gt;</peXml></coordRef><lineage><Process ToolSource="c:\program files (x86)\arcgis\desktop10.1\ArcToolbox\Toolboxes\Conversion Tools.tbx\FeatureClassToFeatureClass" Date="20130523" Time="143445" Name="" export="">FeatureClassToFeatureClass C:\ZBECK\SDE\SGID\UTA\UTAedits.gdb\SGID\LRRoutesNEW2 "Database Connections\DC_Transportation@SGID10@gdb10.agrc.utah.gov.sde" LightRail_UTA # "NAME "SEGMENT_NA" true true false 25 Text 0 0 ,First,#,C:\ZBECK\SDE\SGID\UTA\UTAedits.gdb\SGID\LRRoutesNEW2,NAME,-1,-1;ROUTE "ROUTE" true true false 10 Text 0 0 ,First,#,C:\ZBECK\SDE\SGID\UTA\UTAedits.gdb\SGID\LRRoutesNEW2,ROUTE,-1,-1;STATUS "STATUS" true true false 20 Text 0 0 ,First,#,C:\ZBECK\SDE\SGID\UTA\UTAedits.gdb\SGID\LRRoutesNEW2,STATUS,-1,-1;SHAPE_Length "SHAPE_Length" false true true 8 Double 0 0 ,First,#,C:\ZBECK\SDE\SGID\UTA\UTAedits.gdb\SGID\LRRoutesNEW2,SHAPE_Length,-1,-1" #</Process><Process ToolSource="c:\program files (x86)\arcgis\desktop10.1\ArcToolbox\Toolboxes\Data Management Tools.tbx\ChangePrivileges" Date="20130523" Time="164512">ChangePrivileges 'Database Connections\DC_Transportation@SGID10@gdb10.agrc.utah.gov.sde\SGID10.TRANSPORTATION.CommuterRailRoutes_UTA';'Database Connections\DC_Transportation@SGID10@gdb10.agrc.utah.gov.sde\SGID10.TRANSPORTATION.CommuterRailStations_UTA';'Database Connections\DC_Transportation@SGID10@gdb10.agrc.utah.gov.sde\SGID10.TRANSPORTATION.LightRail_UTA';'Database Connections\DC_Transportation@SGID10@gdb10.agrc.utah.gov.sde\SGID10.TRANSPORTATION.LightRailStations_UTA' agrc GRANT AS_IS</Process><Process ToolSource="c:\program files (x86)\arcgis\desktop10.1\ArcToolbox\Toolboxes\Data Management Tools.tbx\CalculateField" Date="20130709" Time="140327">CalculateField SGID10.TRANSPORTATION.LightRail_UTA ROUTE "B" VB #</Process><Process ToolSource="c:\program files (x86)\arcgis\desktop10.2\ArcToolbox\Toolboxes\Data Management Tools.tbx\ChangePrivileges" Date="20140107" Time="144610">ChangePrivileges 'Database Connections\SGID_Transportation@SGID10@itdb104sp.dts.utah.gov.sde\SGID10.TRANSPORTATION.AirportLocations';'Database Connections\SGID_Transportation@SGID10@itdb104sp.dts.utah.gov.sde\SGID10.TRANSPORTATION.AirportsGNIS';'Database Connections\SGID_Transportation@SGID10@itdb104sp.dts.utah.gov.sde\SGID10.TRANSPORTATION.Airports';'Database Connections\SGID_Transportation@SGID10@itdb104sp.dts.utah.gov.sde\SGID10.TRANSPORTATION.BusRoutes_UTA';'Database Connections\SGID_Transportation@SGID10@itdb104sp.dts.utah.gov.sde\SGID10.TRANSPORTATION.BusStops_UTA';'Database Connections\SGID_Transportation@SGID10@itdb104sp.dts.utah.gov.sde\SGID10.TRANSPORTATION.CommuterRailRoutes_UTA';'Database Connections\SGID_Transportation@SGID10@itdb104sp.dts.utah.gov.sde\SGID10.TRANSPORTATION.CommuterRailStations_UTA';'Database Connections\SGID_Transportation@SGID10@itdb104sp.dts.utah.gov.sde\SGID10.TRANSPORTATION.Heliports';'Database Connections\SGID_Transportation@SGID10@itdb104sp.dts.utah.gov.sde\SGID10.TRANSPORTATION.LightRail_UTA';'Database Connections\SGID_Transportation@SGID10@itdb104sp.dts.utah.gov.sde\SGID10.TRANSPORTATION.LightRailStations_UTA';'Database Connections\SGID_Transportation@SGID10@itdb104sp.dts.utah.gov.sde\SGID10.TRANSPORTATION.PortsOfEntry';'Database Connections\SGID_Transportation@SGID10@itdb104sp.dts.utah.gov.sde\SGID10.TRANSPORTATION.Railroads';'Database Connections\SGID_Transportation@SGID10@itdb104sp.dts.utah.gov.sde\SGID10.TRANSPORTATION.Roads';'Database Connections\SGID_Transportation@SGID10@itdb104sp.dts.utah.gov.sde\SGID10.TRANSPORTATION.Roads_FreewayExits';'Database Connections\SGID_Transportation@SGID10@itdb104sp.dts.utah.gov.sde\SGID10.TRANSPORTATION.RoadsShieldLines';'Database Connections\SGID_Transportation@SGID10@itdb104sp.dts.utah.gov.sde\SGID10.TRANSPORTATION.RoadsTIGER2000';'Database Connections\SGID_Transportation@SGID10@itdb104sp.dts.utah.gov.sde\SGID10.TRANSPORTATION.RoadsTIGER2009';'Database Connections\SGID_Transportation@SGID10@itdb104sp.dts.utah.gov.sde\SGID10.TRANSPORTATION.StateFuelSites';'Database Connections\SGID_Transportation@SGID10@itdb104sp.dts.utah.gov.sde\SGID10.TRANSPORTATION.UDOTMap_ScenicByways';'Database Connections\SGID_Transportation@SGID10@itdb104sp.dts.utah.gov.sde\SGID10.TRANSPORTATION.UDOTMileposts';'Database Connections\SGID_Transportation@SGID10@itdb104sp.dts.utah.gov.sde\SGID10.TRANSPORTATION.UDOTMileposts_Approx';'Database Connections\SGID_Transportation@SGID10@itdb104sp.dts.utah.gov.sde\SGID10.TRANSPORTATION.UDOTRoutes_LRS';'Database Connections\SGID_Transportation@SGID10@itdb104sp.dts.utah.gov.sde\SGID10.TRANSPORTATION.UDOTTenthMileRefPoints' SearchAPI GRANT #</Process><Process ToolSource="c:\program files (x86)\arcgis\desktop10.3\ArcToolbox\Toolboxes\Data Management Tools.tbx\CopyFeatures" Date="20160111" Time="110112">CopyFeatures C:\sgidout\TRANSPORTATION\PackagedData\_Statewide\UtahTransitSystems\UtahTransitSystems.gdb\LightRail_UTA C:\sgidout\TRANSPORTATION\PackagedData\_Statewide\UtahTransitSystems\LightRail_UTA.shp # 0 0 0</Process></lineage></DataProperties><SyncDate>20160111</SyncDate><SyncTime>11011100</SyncTime><ModDate>20160111</ModDate><ModTime>11011100</ModTime><scaleRange><minScale>150000000</minScale><maxScale>5000</maxScale></scaleRange><ArcGISProfile>ItemDescription</ArcGISProfile></Esri><mdLang><languageCode value="eng"/><countryCode value="USA" Sync="TRUE"/></mdLang><mdChar><CharSetCd value="004"/></mdChar><mdHrLv><ScopeCd value="005"/></mdHrLv><mdStanName>ArcGIS Metadata</mdStanName><mdStanVer>1.0</mdStanVer><dataIdInfo><envirDesc Sync="TRUE">Microsoft Windows 7 Version 6.1 (Build 7601) Service Pack 1; Esri ArcGIS 10.3.1.4959</envirDesc><dataLang><languageCode value="eng" Sync="TRUE"/><countryCode value="USA" Sync="TRUE"/></dataLang><idCitation><resTitle Sync="TRUE">LightRail_UTA</resTitle><presForm><PresFormCd value="005" Sync="TRUE"/></presForm></idCitation><spatRpType><SpatRepTypCd value="001" Sync="TRUE"/></spatRpType><dataExt><geoEle xmlns=""><GeoBndBox esriExtentType="search"><exTypeCode Sync="TRUE">1</exTypeCode><westBL Sync="TRUE">-112.028190</westBL><eastBL Sync="TRUE">-111.832879</eastBL><northBL Sync="TRUE">40.785266</northBL><southBL Sync="TRUE">40.523340</southBL></GeoBndBox></geoEle></dataExt><idPurp>To display the location of UTA's light rail system.</idPurp><idAbs>&lt;DIV STYLE="text-align:Left;"&gt;&lt;DIV&gt;&lt;DIV&gt;&lt;P&gt;&lt;SPAN&gt;A polyline file describing the state of the UTA light rail system as of May 2013, including the main North-South line, Airport line, and Sugar House trolley extension.&lt;/SPAN&gt;&lt;/P&gt;&lt;/DIV&gt;&lt;/DIV&gt;&lt;/DIV&gt;</idAbs><searchKeys><keyword>Light Rail</keyword><keyword>Trax</keyword><keyword>UTA</keyword></searchKeys><resConst><Consts><useLimit>&lt;DIV STYLE="text-align:Left;"&gt;&lt;DIV&gt;&lt;P&gt;&lt;SPAN&gt;Data released to the Receiving Agency (RA) remains the property of the originating data source (see Source_Information) and cannot be reproduced for sale by the RA without the written consent of that data source. Redistribution of datasets unchanged as obtained from the AGRC and without fee is allowed. Any hardcopies utilizing these data sets shall clearly indicate their source. If the RA has modified the data in any way, they are obligated to describe the types of modifications they have performed on the hardcopy map. RA specifically agrees not to misrepresent these data sets, nor to imply that changes they made were approved by the AGRC. The Utah Automated Geographic Reference Center (AGRC) has adopted the following spatial data disclaimer to be explicitly included or referenced in all geospatial data, mapping products, and services created or hosted at AGRC including the contents of State Geographic Information Database (SGID). This product is for informational purposes and may not have been prepared for, or be suitable for legal, engineering, or surveying purposes. Users of this information should review or consult the primary data and information sources to ascertain the usability of the information. AGRC provides these data in good faith and shall in no event be liable for any incorrect results, any lost profits and special, indirect or consequential damages to any party, arising out of or in connection with the use or the inability to use the data hereon or the services provided.  AGRC provides these data and services as a convenience to the public.  Further more, AGRC reserves the right to change or revise published data and/or these services at any time.Furthermore, it is the official policy of the AGRC: · that the adopted disclaimer be used on all hard copy maps produced from geospatial data, and that the date and source of the data be included on the map; · that spatial data producers be allowed to extend the adopted disclaimer with additional language further defining the limits of their liability; · that a more robust disclaimer may be used in conjunction with any and all geospatial data published on the Internet, on a separate page preceding access to the data, with an accept/reject option for users; · that standardized metadata be included with any distribution of all geospatial data; and · that the disclaimer above may be used as a blanket disclaimer for documents containing a number of small maps.&lt;/SPAN&gt;&lt;/P&gt;&lt;/DIV&gt;&lt;/DIV&gt;</useLimit></Consts></resConst></dataIdInfo><distInfo><distFormat><formatName Sync="TRUE">Shapefile</formatName></distFormat><distTranOps><transSize Sync="TRUE">0.000</transSize></distTranOps></distInfo><mdHrLvName Sync="TRUE">dataset</mdHrLvName><refSysInfo><RefSystem><refSysID><identCode code="26912" Sync="TRUE" value="26912"/><idCodeSpace Sync="TRUE">EPSG</idCodeSpace><idVersion Sync="TRUE">8.6.2</idVersion></refSysID></RefSystem></refSysInfo><spatRepInfo><VectSpatRep><geometObjs Name="LightRail_UTA"><geoObjTyp><GeoObjTypCd value="002" Sync="TRUE"></GeoObjTypCd></geoObjTyp><geoObjCnt Sync="TRUE">0</geoObjCnt></geometObjs><topLvl><TopoLevCd value="001" Sync="TRUE"></TopoLevCd></topLvl></VectSpatRep></spatRepInfo><spdoinfo><ptvctinf><esriterm Name="LightRail_UTA"><efeatyp Sync="TRUE">Simple</efeatyp><efeageom code="3" Sync="TRUE"></efeageom><esritopo Sync="TRUE">FALSE</esritopo><efeacnt Sync="TRUE">0</efeacnt><spindex Sync="TRUE">FALSE</spindex><linrefer Sync="TRUE">FALSE</linrefer></esriterm></ptvctinf></spdoinfo><eainfo><detailed Name="LightRail_UTA"><enttyp><enttypl Sync="TRUE">LightRail_UTA</enttypl><enttypt Sync="TRUE">Feature Class</enttypt><enttypc Sync="TRUE">0</enttypc></enttyp><attr><attrlabl Sync="TRUE">FID</attrlabl><attalias Sync="TRUE">FID</attalias><attrtype Sync="TRUE">OID</attrtype><attwidth Sync="TRUE">4</attwidth><atprecis Sync="TRUE">0</atprecis><attscale Sync="TRUE">0</attscale><attrdef Sync="TRUE">Internal feature number.</attrdef><attrdefs Sync="TRUE">Esri</attrdefs><attrdomv><udom Sync="TRUE">Sequential unique whole numbers that are automatically generated.</udom></attrdomv></attr><attr><attrlabl Sync="TRUE">SHAPE</attrlabl><attalias Sync="TRUE">Shape</attalias><attrtype Sync="TRUE">Geometry</attrtype><attwidth Sync="TRUE">0</attwidth><atprecis Sync="TRUE">0</atprecis><attscale Sync="TRUE">0</attscale><attrdef Sync="TRUE">Feature geometry.</attrdef><attrdefs Sync="TRUE">Esri</attrdefs><attrdomv><udom Sync="TRUE">Coordinates defining the features.</udom></attrdomv></attr><attr><attrlabl Sync="TRUE">NAME</attrlabl><attalias Sync="TRUE">NAME</attalias><attrtype Sync="TRUE">String</attrtype><attwidth Sync="TRUE">25</attwidth><atprecis Sync="TRUE">0</atprecis><attscale Sync="TRUE">0</attscale></attr><attr><attrlabl Sync="TRUE">ROUTE</attrlabl><attalias Sync="TRUE">ROUTE</attalias><attrtype Sync="TRUE">String</attrtype><attwidth Sync="TRUE">10</attwidth><atprecis Sync="TRUE">0</atprecis><attscale Sync="TRUE">0</attscale></attr><attr><attrlabl Sync="TRUE">STATUS</attrlabl><attalias Sync="TRUE">STATUS</attalias><attrtype Sync="TRUE">String</attrtype><attwidth Sync="TRUE">20</attwidth><atprecis Sync="TRUE">0</atprecis><attscale Sync="TRUE">0</attscale></attr><attr><attrlabl Sync="TRUE">Shape_Leng</attrlabl><attalias Sync="TRUE">Shape_Leng</attalias><attrtype Sync="TRUE">Double</attrtype><attwidth Sync="TRUE">19</attwidth><atprecis Sync="TRUE">0</atprecis><attscale Sync="TRUE">0</attscale></attr></detailed></eainfo><mdDateSt Sync="TRUE">20160111</mdDateSt></metadata>
